{
  "version": "35.0.0",
  "files": {
    "7f18a11296f35510ee16538afec983ed6312e12afbf81b777089a9f8e34e2474": {
      "source": {
        "path": "asset.7f18a11296f35510ee16538afec983ed6312e12afbf81b777089a9f8e34e2474",
        "packaging": "zip"
      },
      "destinations": {
        "current_account-us-west-2": {
          "bucketName": "cdk-hnb659fds-assets-${AWS::AccountId}-us-west-2",
          "objectKey": "7f18a11296f35510ee16538afec983ed6312e12afbf81b777089a9f8e34e2474.zip",
          "region": "us-west-2",
          "assumeRoleArn": "arn:${AWS::Partition}:iam::${AWS::AccountId}:role/cdk-hnb659fds-file-publishing-role-${AWS::AccountId}-us-west-2"
        }
      }
    },
    "17c16a3854838fd3ff4bda08146122a6701f33b9c86ae17f415ad0dc47a97544": {
      "source": {
        "path": "asset.17c16a3854838fd3ff4bda08146122a6701f33b9c86ae17f415ad0dc47a97544",
        "packaging": "zip"
      },
      "destinations": {
        "current_account-us-west-2": {
          "bucketName": "cdk-hnb659fds-assets-${AWS::AccountId}-us-west-2",
          "objectKey": "17c16a3854838fd3ff4bda08146122a6701f33b9c86ae17f415ad0dc47a97544.zip",
          "region": "us-west-2",
          "assumeRoleArn": "arn:${AWS::Partition}:iam::${AWS::AccountId}:role/cdk-hnb659fds-file-publishing-role-${AWS::AccountId}-us-west-2"
        }
      }
    },
    "4e3d90ad2cf25036354f01eb4465f15fa083f31e9e04d3190b131a6cb4a7476a": {
      "source": {
        "path": "PrimarySolutionStack.template.json",
        "packaging": "file"
      },
      "destinations": {
        "current_account-us-west-2": {
          "bucketName": "cdk-hnb659fds-assets-${AWS::AccountId}-us-west-2",
          "objectKey": "4e3d90ad2cf25036354f01eb4465f15fa083f31e9e04d3190b131a6cb4a7476a.json",
          "region": "us-west-2",
          "assumeRoleArn": "arn:${AWS::Partition}:iam::${AWS::AccountId}:role/cdk-hnb659fds-file-publishing-role-${AWS::AccountId}-us-west-2"
        }
      }
    }
  },
  "dockerImages": {}
}