{
  "version": "35.0.0",
  "files": {
    "7f18a11296f35510ee16538afec983ed6312e12afbf81b777089a9f8e34e2474": {
      "source": {
        "path": "asset.7f18a11296f35510ee16538afec983ed6312e12afbf81b777089a9f8e34e2474",
        "packaging": "zip"
      },
      "destinations": {
        "current_account-us-east-2": {
          "bucketName": "cdk-hnb659fds-assets-${AWS::AccountId}-us-east-2",
          "objectKey": "7f18a11296f35510ee16538afec983ed6312e12afbf81b777089a9f8e34e2474.zip",
          "region": "us-east-2",
          "assumeRoleArn": "arn:${AWS::Partition}:iam::${AWS::AccountId}:role/cdk-hnb659fds-file-publishing-role-${AWS::AccountId}-us-east-2"
        }
      }
    },
    "17c16a3854838fd3ff4bda08146122a6701f33b9c86ae17f415ad0dc47a97544": {
      "source": {
        "path": "asset.17c16a3854838fd3ff4bda08146122a6701f33b9c86ae17f415ad0dc47a97544",
        "packaging": "zip"
      },
      "destinations": {
        "current_account-us-east-2": {
          "bucketName": "cdk-hnb659fds-assets-${AWS::AccountId}-us-east-2",
          "objectKey": "17c16a3854838fd3ff4bda08146122a6701f33b9c86ae17f415ad0dc47a97544.zip",
          "region": "us-east-2",
          "assumeRoleArn": "arn:${AWS::Partition}:iam::${AWS::AccountId}:role/cdk-hnb659fds-file-publishing-role-${AWS::AccountId}-us-east-2"
        }
      }
    },
    "357b11f270b1a258a3cc061fa03eba67f26a8bcee2bc3de4e0de85f29aeabf6b": {
      "source": {
        "path": "SecondarySolutionStack.template.json",
        "packaging": "file"
      },
      "destinations": {
        "current_account-us-east-2": {
          "bucketName": "cdk-hnb659fds-assets-${AWS::AccountId}-us-east-2",
          "objectKey": "357b11f270b1a258a3cc061fa03eba67f26a8bcee2bc3de4e0de85f29aeabf6b.json",
          "region": "us-east-2",
          "assumeRoleArn": "arn:${AWS::Partition}:iam::${AWS::AccountId}:role/cdk-hnb659fds-file-publishing-role-${AWS::AccountId}-us-east-2"
        }
      }
    }
  },
  "dockerImages": {}
}